imp_type,timings_mean
f_test,0.0062964168
gini,0.0177166369
kendall,7.39863548995
mutual_info,2.7845739877999995
pearson,0.12442426715000002
pimp,29.003301180099992
pps,4.48298609305
spearman,0.31271497029999995
