imp_type,features_found_pct
f_test,0.7434999999999996
gini,0.9090000000000003
kendall,0.7474999999999994
mutual_info,0.6069999999999998
pearson,0.7434999999999996
pimp,0.9255000000000004
pps,0.06299999999999999
shap,0.875
spearman,0.7479999999999994
