dataset,DT(opt),DT(all),RF(all),RF(opt),GBDT(all),GBDT(opt),task,metric
diabetes,4574.541353383458,6214.87969924812,2904.8138389473684,2734.082769849624,3082.4484070595604,3352.718495612956,regression,mse
crime,0.025856791231673937,0.039095931247999816,0.0173062536727879,0.0161890696160267,0.0189004774957129,0.0162082484181843,regression,mse
boston,16.149467105263152,17.376710526315787,9.071402871240595,10.742001966165406,11.197966463839116,10.294831638240408,regression,mse
ames_housing,949408403.523918,1264754017.6025057,542140131.0863882,525141205.5968098,477304801.1398435,431868249.62473196,regression,mse
wine,0.9725563416305436,0.9725563416305436,1.0,1.0,1.0,1.0,classification,mcc
phishing,0.9347884501726068,0.929956274748494,0.9468502044735956,0.951760277683838,0.9419476653827019,0.9474607149954666,classification,mcc
mushroom,1.0,1.0,1.0,1.0,1.0,1.0,classification,mcc
breast_cancer,0.9625013365574848,0.8871974560470782,0.9506627939735584,0.9754854138803348,0.975485413880335,0.975485413880335,classification,mcc
